method,batch_size,median_ms_per_frame,median_ms_per_batch,p95_ms_per_batch,fps_by_median,input_throughput_GBps
cuda_before,1,4.1838765,4.1838765,4.88526525,239.01279112803638,5.2865805192863595
cuda_kernel_only,1,0.054336000233888626,0.054336000233888626,0.06614399962127208,18404.0046322054,407.06713605697195
cuda_optimized,1,2.169756,2.169756,4.03933935,460.8813156871095,10.193957292893762
opencv,1,0.241922,0.241922,1.0509624000000042,4133.563710617472,91.42781557692149
cuda_before,2,3.657394,7.314788,10.1536496,273.4187238235749,6.0475847010193595
cuda_kernel_only,2,0.12257599830627441,0.24515199661254883,0.3173247963190079,8158.204002559709,180.44641941021666
cuda_optimized,2,2.8164497500000003,5.632899500000001,10.831074700000002,355.05692938423624,7.853291186892291
opencv,2,0.42284975,0.8456995,2.996860100000001,2364.906210775813,52.30794153242375
